Module,Date,Horaire,Moniteur
1,21.08.2026,18h00 - 22h00,Maxime
2,22.08.2026,13h30 - 17h30,Maxime
3,23.08.2026,09h00 - 13h00,Maxime
1,11.09.2026,18h00 - 22h00,Maxime
2,12.09.2026,13h30 - 17h30,Maxime
3,13.09.2026,09h00 - 13h00,Maxime
1,21.09.2026,18h00 - 22h00,Maxime
2,22.09.2026,18h00 - 22h00,Maxime
3,23.09.2026,18h00 - 22h00,Maxime
1,02.10.2026,18h00 - 22h00,Maxime
2,03.10.2026,13h30 - 17h30,Maxime
3,04.10.2026,09h00 - 13h00,Maxime
1,16.10.2026,18h00 - 22h00,Maxime
2,17.10.2026,09h00 - 13h00,Maxime
3,18.10.2026,09h00 - 13h00,Maxime
1,24.10.2026,13h30 - 17h30,Maxime
2,25.10.2026,09h00 - 13h00,Maxime
3,31.10.2026,09h00 - 13h00,Maxime
1,07.11.2026,13h30 - 17h30,Maxime
2,08.11.2026,13h30 - 17h30,Maxime
3,14.11.2026,13h30 - 17h30,Maxime
